{
	"IcoMoonType": "selection",
	"icons": [
		{
			"icon": {
				"paths": [
					"M496 944c-229.76 0-416-186.24-416-416s186.24-416 416-416 416 186.24 416 416-186.24 416-416 416zM702.016 510.016c0-17.664-14.336-32-32-32h-128v-128c0-17.664-14.304-32-32-32h-32c-17.696 0-32 14.336-32 32v128h-128c-17.696 0-32 14.336-32 32v32c0 17.696 14.304 32 32 32h128v128c0 17.696 14.304 32 32 32h32c17.696 0 32-14.304 32-32v-128h128c17.664 0 32-14.304 32-32v-32z"
				],
				"attrs": [
					{
						"opacity": 1,
						"visibility": false
					}
				],
				"grid": 32
			},
			"attrs": [
				{
					"opacity": 1,
					"visibility": false
				}
			],
			"properties": {
				"order": 1,
				"id": 2,
				"prevSize": 32,
				"code": 58884,
				"name": "add"
			},
			"setIdx": 0,
			"iconIdx": 0
		},
		{
			"icon": {
				"paths": [
					"M496 112c-229.76 0-416 186.24-416 416s186.24 416 416 416c229.76 0 416-186.24 416-416s-186.24-416-416-416zM704 540c0 17.696-14.336 32-32 32h-352c-17.696 0-32-14.304-32-32v-32c0-17.664 14.304-32 32-32h352c17.664 0 32 14.336 32 32v32z"
				],
				"attrs": [
					{
						"opacity": 1,
						"visibility": false
					}
				],
				"grid": 32
			},
			"attrs": [
				{
					"opacity": 1,
					"visibility": false
				}
			],
			"properties": {
				"order": 1,
				"id": 1,
				"prevSize": 32,
				"code": 58883,
				"name": "minus"
			},
			"setIdx": 0,
			"iconIdx": 1
		},
		{
			"icon": {
				"paths": [
					"M848 864h-96c-8.832 0-16-7.168-16-16s7.168-16 16-16h80v-80c0-8.832 7.168-16 16-16 8.8 0 16 7.168 16 16v96c0 8.832-7.2 16-16 16zM848 672c-8.832 0-16-7.168-16-16v-96c0-8.832 7.168-16 16-16 8.8 0 16 7.168 16 16v96c0 8.832-7.2 16-16 16zM848 480c-8.832 0-16-7.168-16-16v-96c0-8.832 7.168-16 16-16 8.8 0 16 7.168 16 16v96c0 8.832-7.2 16-16 16zM848 288c-8.832 0-16-7.168-16-16v-80h-80c-8.832 0-16-7.168-16-16s7.168-16 16-16h96c8.8 0 16 7.168 16 16v96c0 8.832-7.2 16-16 16zM469.312 673.696c-5.888 5.92-15.456 5.92-21.376 0l-32.064-32.064c-0.064-0.096-0.032-0.224-0.096-0.288l-102.016-102.784c-5.92-5.888-5.92-15.456 0-21.376l32.064-32.096c5.92-5.92 15.488-5.92 21.408 0l91.52 92.192 192.448-192.416c5.888-5.92 15.456-5.92 21.376 0l32.064 32.096c5.952 5.92 5.952 15.488 0 21.408l-235.328 235.328zM656 192h-96c-8.832 0-16-7.168-16-16s7.168-16 16-16h96c8.8 0 16 7.168 16 16s-7.2 16-16 16zM464 192h-96c-8.832 0-16-7.168-16-16s7.168-16 16-16h96c8.8 0 16 7.168 16 16s-7.2 16-16 16zM272 864h-96c-8.832 0-16-7.168-16-16v-96c0-8.832 7.168-16 16-16s16 7.168 16 16v80h80c8.832 0 16 7.168 16 16s-7.168 16-16 16zM272 192h-80v80c0 8.832-7.168 16-16 16s-16-7.168-16-16v-96c0-8.832 7.168-16 16-16h96c8.832 0 16 7.168 16 16s-7.168 16-16 16zM176 352c8.832 0 16 7.168 16 16v96c0 8.832-7.168 16-16 16s-16-7.168-16-16v-96c0-8.832 7.168-16 16-16zM176 544c8.832 0 16 7.168 16 16v96c0 8.832-7.168 16-16 16s-16-7.168-16-16v-96c0-8.832 7.168-16 16-16zM368 832h96c8.8 0 16 7.168 16 16s-7.2 16-16 16h-96c-8.832 0-16-7.168-16-16s7.168-16 16-16zM560 832h96c8.8 0 16 7.168 16 16s-7.2 16-16 16h-96c-8.832 0-16-7.168-16-16s7.168-16 16-16z"
				],
				"attrs": [
					{
						"opacity": 1,
						"visibility": false
					}
				],
				"grid": 32
			},
			"attrs": [
				{
					"opacity": 1,
					"visibility": false
				}
			],
			"properties": {
				"order": 1,
				"id": 0,
				"prevSize": 32,
				"code": 58881,
				"name": "check-o",
				"ligatures": ""
			},
			"setIdx": 0,
			"iconIdx": 2
		},
		{
			"icon": {
				"paths": [
					"M0 0v1024h1024v-1024h-1024zM960 960h-896v-896h896v896zM768 224l-320 320-192-192-128 128 320 320 448-448-128-128z"
				],
				"attrs": [
					{
						"opacity": 1,
						"visibility": false
					}
				],
				"grid": 16
			},
			"attrs": [
				{
					"opacity": 1,
					"visibility": false
				}
			],
			"properties": {
				"order": 2,
				"id": 1,
				"prevSize": 32,
				"code": 58882,
				"name": "check",
				"ligatures": ""
			},
			"setIdx": 1,
			"iconIdx": 0
		},
		{
			"icon": {
				"paths": [
					"M0 0v1024h1024v-1024h-1024zM960 960h-896v-896h896v896z"
				],
				"attrs": [
					{
						"opacity": 1,
						"visibility": false
					}
				],
				"grid": 16
			},
			"attrs": [
				{
					"opacity": 1,
					"visibility": false
				}
			],
			"properties": {
				"order": 3,
				"id": 0,
				"prevSize": 32,
				"code": 58880,
				"name": "uncheck",
				"ligatures": ""
			},
			"setIdx": 1,
			"iconIdx": 1
		}
	],
	"height": 1024,
	"metadata": {
		"name": "icomoon"
	},
	"preferences": {
		"showGlyphs": true,
		"showQuickUse": true,
		"fontPref": {
			"prefix": "icon-",
			"metadata": {
				"fontFamily": "icomoon"
			},
			"metrics": {
				"emSize": 512,
				"baseline": 6.25,
				"whitespace": 50
			},
			"autoHost": false
		},
		"imagePref": {},
		"historySize": 100,
		"showCodes": true,
		"search": "",
		"quickUsageToken": {
			"eleccionesIcons": "ZWIyNzdiMjI3OGZhZjIwMzM1YzZkODI5MzE4NjI2ZmUjMSMxNDEyMTk5NzkxIyMj"
		},
		"showQuickUse2": true,
		"showSVGs": true
	}
}